dpy-10_co_194sgRNA_primer_F,GATCCCCCGGGCTGCAGGAATTCATTTAGGTGACACTATAgtgaatacggtagctgactt,25nm,STD
dpy-10_co_194sgRNA_primer_R,GACTAGCCTTATTTTAACTTGCTATTTCTAGCTCTAAAACaagtcagctaccgtattcac,25nm,STD
dpy-10_co_194armF,atgccgactatgtacaactatgtgaatacggtagctGGATCAGGTGGAGGAGGTGGAG,25nm,STD
dpy-10_co_194armR,tgccagctcgcaataggcaaaatccctccgCTATTTGTATAGTTCATCCATGCCATGTG,25nm,STD
dpy-10_co_415sgRNA_primer_F,GATCCCCCGGGCTGCAGGAATTCATTTAGGTGACACTATAgcttggtgattccggccttc,25nm,STD
dpy-10_co_415sgRNA_primer_R,GACTAGCCTTATTTTAACTTGCTATTTCTAGCTCTAAAACgaaggccggaatcaccaagc,25nm,STD
dpy-10_co_415armF,gtcccgggtgagcgtggcccgcttggtgattccggcGGATCAGGTGGAGGAGGTGGAG,25nm,STD
dpy-10_co_415armR,ggcgccatcgggaccagggttgccaggcatCTATTTGTATAGTTCATCCATGCCATGTG,25nm,STD
dpy-10_co_913sgRNA_primer_F,GATCCCCCGGGCTGCAGGAATTCATTTAGGTGACACTATAgtcttggcagacgcaggttc,25nm,STD
dpy-10_co_913sgRNA_primer_R,GACTAGCCTTATTTTAACTTGCTATTTCTAGCTCTAAAACgaacctgcgtctgccaagac,25nm,STD
dpy-10_co_913armF,agctggcccgcgtggtgaagccggtcccgccggaacaGGATCAGGTGGAGGAGGTGGAG,25nm,STD
dpy-10_co_913armR,gacgacttcggtgtcttggcagacgcaggtCTATTTGTATAGTTCATCCATGCCATGTG,25nm,STD
dpy-10_co_622sgRNA_primer_F,GATCCCCCGGGCTGCAGGAATTCATTTAGGTGACACTATAgccatcatcgcccttcttgc,25nm,STD
dpy-10_co_622sgRNA_primer_R,GACTAGCCTTATTTTAACTTGCTATTTCTAGCTCTAAAACgcaagaagggcgatgatggc,25nm,STD
dpy-10_co_622armF,cccaggcattgctggcgctcctggccgtgacggcgaaGGATCAGGTGGAGGAGGTGGAG,25nm,STD
dpy-10_co_622armR,ctcacctggcgggccatcatcgcccttcttCTATTTGTATAGTTCATCCATGCCATGTG,25nm,STD
dpy-10_co_577sgRNA_primer_F,GATCCCCCGGGCTGCAGGAATTCATTTAGGTGACACTATAgccagcaatgcctgggtctc,25nm,STD
dpy-10_co_577sgRNA_primer_R,GACTAGCCTTATTTTAACTTGCTATTTCTAGCTCTAAAACgagacccaggcattgctggc,25nm,STD
dpy-10_co_577armF,tcgtggtcctcccggccatcctggtttccccggtgatGGATCAGGTGGAGGAGGTGGAG,25nm,STD
dpy-10_co_577armR,acggccaggagcgccagcaatgcctgggtcCTATTTGTATAGTTCATCCATGCCATGTG,25nm,STD
