pred-unc13_co_194sgRNA_primer_F,GATCCCCCGGGCTGCAGGAATTCATTTAGGTGACACTATAgtgctatgggataagcttat,25nm,STD
pred-unc13_co_1871sgRNA_primer_F,GATCCCCCGGGCTGCAGGAATTCATTTAGGTGACACTATAgaccgccactacgattctgc,25nm,STD
pred-unc13_co_1871sgRNA_primer_R,GACTAGCCTTATTTTAACTTGCTATTTCTAGCTCTAAAACgcagaatcgtagtggcggtc,25nm,STD
pred-unc13_co_2212sgRNA_primer_F,GATCCCCCGGGCTGCAGGAATTCATTTAGGTGACACTATAgaatgacatgttcccgacga,25nm,STD
pred-unc13_co_2212sgRNA_primer_R,GACTAGCCTTATTTTAACTTGCTATTTCTAGCTCTAAAACtcgtcgggaacatgtcattc,25nm,STD
pred-unc13_co_2234sgRNA_primer_F,GATCCCCCGGGCTGCAGGAATTCATTTAGGTGACACTATAgcgccgacacaaccgaaaac,25nm,STD
pred-unc13_co_2234sgRNA_primer_R,GACTAGCCTTATTTTAACTTGCTATTTCTAGCTCTAAAACgttttcggttgtgtcggcgc,25nm,STD
pred-unc13_co_2272sgRNA_primer_F,GATCCCCCGGGCTGCAGGAATTCATTTAGGTGACACTATAgaatggatacggtggcatgc,25nm,STD
pred-unc13_co_2272sgRNA_primer_R,GACTAGCCTTATTTTAACTTGCTATTTCTAGCTCTAAAACgcatgccaccgtatccattc,25nm,STD
pred-unc13_co_2098sgRNA_primer_F,GATCCCCCGGGCTGCAGGAATTCATTTAGGTGACACTATAgtaagataacggctcgaaat,25nm,STD
pred-unc13_co_2098sgRNA_primer_R,GACTAGCCTTATTTTAACTTGCTATTTCTAGCTCTAAAACatttcgagccgttatcttac,25nm,STD
pred-unc13_co_1921sgRNA_primer_F,GATCCCCCGGGCTGCAGGAATTCATTTAGGTGACACTATAgaagatcgtcgtcgaagtgc,25nm,STD
pred-unc13_co_1921sgRNA_primer_R,GACTAGCCTTATTTTAACTTGCTATTTCTAGCTCTAAAACgcacttcgacgacgatcttc,25nm,STD
pred-unc13_co_1835sgRNA_primer_F,GATCCCCCGGGCTGCAGGAATTCATTTAGGTGACACTATAggcggtcgatatcggcaagt,25nm,STD
pred-unc13_co_1835sgRNA_primer_R,GACTAGCCTTATTTTAACTTGCTATTTCTAGCTCTAAAACacttgccgatatcgaccgcc,25nm,STD
pred-unc13_co_1740sgRNA_primer_F,GATCCCCCGGGCTGCAGGAATTCATTTAGGTGACACTATAgatgagtcatatcggtctgt,25nm,STD
pred-unc13_co_1740sgRNA_primer_R,GACTAGCCTTATTTTAACTTGCTATTTCTAGCTCTAAAACacagaccgatatgactcatc,25nm,STD
pred-unc13_co_1569sgRNA_primer_F,GATCCCCCGGGCTGCAGGAATTCATTTAGGTGACACTATAgcgtcatattcatcactatc,25nm,STD
pred-unc13_co_1569sgRNA_primer_R,GACTAGCCTTATTTTAACTTGCTATTTCTAGCTCTAAAACgatagtgatgaatatgacgc,25nm,STD